{"model/speed_PyTorch(ms)":3.626,"train_batch2":{"width":640,"height":640,"_type":"image-file","sha256":"bdc9a340dc4de309d3de96323866da3481bf605c25089983963d05fca0f80867","size":62029,"path":"media/images/train_batch2_1_bdc9a340dc4de309d3de.jpg","format":"jpg"},"metrics/mAP50(B)":0.55897,"train/box_loss":0.97914,"labels":{"height":1600,"_type":"image-file","sha256":"bf1e27c432ab52a3b9ad2ea77bf700d9b42443d7e3c69a538e3300eec33afb7f","size":128623,"path":"media/images/labels_1_bf1e27c432ab52a3b9ad.jpg","format":"jpg","width":1600},"train/cls_loss":0.6024,"train_batch0":{"_type":"image-file","sha256":"f8e621ba7ff07a7b1b31d9a6535a522a8db4f87baaf2cd5a344f3236ef0f547f","size":53075,"path":"media/images/train_batch0_1_f8e621ba7ff07a7b1b31.jpg","format":"jpg","width":640,"height":640},"val/dfl_loss":0.99316,"_runtime":2833.151635718,"metrics/recall(B)":0.49266,"train/dfl_loss":0.89157,"train_batch1":{"width":640,"height":640,"_type":"image-file","sha256":"9688e8e782e84ecd008fc8d35495eda306ac0e8fe47675877eb7a784e7d47164","size":51857,"path":"media/images/train_batch1_1_9688e8e782e84ecd008f.jpg","format":"jpg"},"val/box_loss":1.41506,"lr/pg1":0.009604,"val/cls_loss":1.17093,"_timestamp":1.741339448110036e+09,"_wandb":{"runtime":2833},"model/GFLOPs":195.456,"lr/pg0":0.009604,"lr/pg2":0.009604,"metrics/mAP50-95(B)":0.33557,"model/parameters":56876086,"_step":21,"metrics/precision(B)":0.6665}